{
  "threshold": 0.37063875794410706,
  "threshold_percentile": 99.5,
  "confusion_matrix": [
    [
      7347,
      2
    ],
    [
      9034,
      83
    ]
  ],
  "precision": 0.9764705882352941,
  "recall": 0.009103871887682352,
  "f1": 0.018039556618126493,
  "roc_auc": 0.6503130341677991,
  "pr_auc": 0.7427273842759965
}